{
  "广州凤凰创意产业园": [113.259799, 23.112784],
  "广一国际电子商务产业园": [113.315394, 23.116899],
  "广东省（佛山）软件产业园": [113.086741, 23.022771],
  "清远软件园": [113.000721, 23.726969],
  "汕头高新区电子商务产业园": [116.71841, 23.384702],
  "深圳（潮州）产业转移工业园": [116.626959, 23.666662],
  "河源产业转移工业园": [114.627824, 23.600268],
  "湛江产业转移工业园": [110.400936, 21.021938],
  "大岭山（南雄）产业转移工业园": [114.278671, 25.126671],
  "深圳科技工业园": [113.946692, 22.560329]
}